ID	individual	date	village
J0010103_1412	J0010103	2014-12-01	J
J0020302_1506	J0020302	2015-06-01	J
J0030406_1701	J0030406	2017-01-01	J
J0030406_1702	J0030406	2017-02-01	J
J0030406_1705	J0030406	2017-05-01	J
J0030409_1610	J0030409	2016-10-01	J
J0050607_1412	J0050607	2014-12-01	J
J0050611_1611	J0050611	2016-11-01	J
J0050617_1611	J0050617	2016-11-01	J
J0060701_1511	J0060701	2015-11-01	J
J0070804_1610	J0070804	2016-10-01	J
J0101103_1701	J0101103	2017-01-01	J
J0101103_1702	J0101103	2017-02-01	J
J0101103_1703	J0101103	2017-03-01	J
J0111201_1412	J0111201	2014-12-01	J
J0111208_1610	J0111208	2016-10-01	J
J0131403_1511	J0131403	2015-11-01	J
J0131406_1512	J0131406	2015-12-01	J
J0141503_1511	J0141503	2015-11-01	J
J0151608_1701	J0151608	2017-01-01	J
J0151612_1511	J0151612	2015-11-01	J
J0171802_1611	J0171802	2016-11-01	J
J0171804_1610	J0171804	2016-10-01	J
J0171805_1611	J0171805	2016-11-01	J
J0171806_1511	J0171806	2015-11-01	J
J0181911_1611	J0181911	2016-11-01	J
J0242509_1611	J0242509	2016-11-01	J
J0242517_1611	J0242517	2016-11-01	J
J0262707_1412	J0262707	2014-12-01	J
J0262707_1506	J0262707	2015-06-01	J
J0262723_1511	J0262723	2015-11-01	J
J0262731_1412	J0262731	2014-12-01	J
J0272803_1512	J0272803	2015-12-01	J
J0272804_1511	J0272804	2015-11-01	J
J0272809_1611	J0272809	2016-11-01	J
J0272809_1612	J0272809	2016-12-01	J
J0272812_1611	J0272812	2016-11-01	J
J0272813_1610	J0272813	2016-10-01	J
J0272813_1611	J0272813	2016-11-01	J
J0272813_1612	J0272813	2016-12-01	J
J0272813_1701	J0272813	2017-01-01	J
J0272813_1702	J0272813	2017-02-01	J
J0272813_1703	J0272813	2017-03-01	J
J0272813_1705	J0272813	2017-05-01	J
J0272815_1611	J0272815	2016-11-01	J
J0272815_1701	J0272815	2017-01-01	J
J0272815_1702	J0272815	2017-02-01	J
J0272815_1703	J0272815	2017-03-01	J
J0282915_1511	J0282915	2015-11-01	J
J0282916_1701	J0282916	2017-01-01	J
J0282916_1702	J0282916	2017-02-01	J
J0282916_1703	J0282916	2017-03-01	J
J0282916_1705	J0282916	2017-05-01	J
K0010101_1611	K0010101	2016-11-01	K
K0010105_1506	K0010105	2015-06-01	K
K0022008_1512	K0022008	2015-12-01	K
K0030301_1504	K0030301	2015-04-01	K
K0030302_1512	K0030302	2015-12-01	K
K0030302_1610	K0030302	2016-10-01	K
K0030302_1611	K0030302	2016-11-01	K
K0030303_1512	K0030303	2015-12-01	K
K0030303_1605	K0030303	2016-05-01	K
K0030303_1612	K0030303	2016-12-01	K
K0050502_1512	K0050502	2015-12-01	K
K0050512_1611	K0050512	2016-11-01	K
K0060617_1512	K0060617	2015-12-01	K
K0060617_1603	K0060617	2016-03-01	K
K0070714_1611	K0070714	2016-11-01	K
K0080809_1702	K0080809	2017-02-01	K
K0090903_1512	K0090903	2015-12-01	K
K0090903_1605	K0090903	2016-05-01	K
K0101005_1512	K0101005	2015-12-01	K
K0101005_1701	K0101005	2017-01-01	K
K0101007_1412	K0101007	2014-12-01	K
K0111111_1611	K0111111	2016-11-01	K
K0141403_1504	K0141403	2015-04-01	K
K0141403_1511	K0141403	2015-11-01	K
K0161621_1506	K0161621	2015-06-01	K
K0171716_1612	K0171716	2016-12-01	K
K0171716_1701	K0171716	2017-01-01	K
K0171716_1702	K0171716	2017-02-01	K
K0171716_1703	K0171716	2017-03-01	K
K0171719_1701	K0171719	2017-01-01	K
K0171722_1512	K0171722	2015-12-01	K
K0171728_1512	K0171728	2015-12-01	K
K0171732_1512	K0171732	2015-12-01	K
K0171738_1412	K0171738	2014-12-01	K
K0181809_1512	K0181809	2015-12-01	K
K0181810_1705	K0181810	2017-05-01	K
K0202002_1512	K0202002	2015-12-01	K
K0212110_1512	K0212110	2015-12-01	K
K0222208_1611	K0222208	2016-11-01	K
K0222213_1612	K0222213	2016-12-01	K
K0222213_1701	K0222213	2017-01-01	K
K0232412_1701	K0232412	2017-01-01	K
K0252713_1512	K0252713	2015-12-01	K
K0252717_1512	K0252717	2015-12-01	K
K0252808_1611	K0252808	2016-11-01	K
K0252808_1701	K0252808	2017-01-01	K
K0262902_1511	K0262902	2015-11-01	K
K0262913_1611	K0262913	2016-11-01	K
K0262922_1612	K0262922	2016-12-01	K
K0262922_1704	K0262922	2017-04-01	K
K0262922_1705	K0262922	2017-05-01	K
K0262940_1511	K0262940	2015-11-01	K
K0262940_1512	K0262940	2015-12-01	K
K0262940_1703	K0262940	2017-03-01	K
K0262940_1704	K0262940	2017-04-01	K
K0263004_1511	K0263004	2015-11-01	K
K0263004_1512	K0263004	2015-12-01	K
K0263008_1612	K0263008	2016-12-01	K
K0263008_1701	K0263008	2017-01-01	K
K0263008_1704	K0263008	2017-04-01	K
K0263008_1705	K0263008	2017-05-01	K
K0283406_1512	K0283406	2015-12-01	K
K0323702_1611	K0323702	2016-11-01	K
K0344032_1512	K0344032	2015-12-01	K
K0364309_1511	K0364309	2015-11-01	K
K0364311_1511	K0364311	2015-11-01	K
K0364312_1607	K0364312	2016-07-01	K
K0364314_1701	K0364314	2017-01-01	K
K0364319_1511	K0364319	2015-11-01	K
K0364319_1612	K0364319	2016-12-01	K
K0364324_1701	K0364324	2017-01-01	K
K0374406_1612	K0374406	2016-12-01	K
K0374406_1701	K0374406	2017-01-01	K
K0374408_1412	K0374408	2014-12-01	K
K0374413_1611	K0374413	2016-11-01	K
K0374502_1412	K0374502	2014-12-01	K
K0374502_1612	K0374502	2016-12-01	K
K0384601_1702	K0384601	2017-02-01	K
K0384602_1512	K0384602	2015-12-01	K
K0384604_1511	K0384604	2015-11-01	K
K0384611_1702	K0384611	2017-02-01	K
K0394906_1611	K0394906	2016-11-01	K
K0394938_1611	K0394938	2016-11-01	K
K0405016_1611	K0405016	2016-11-01	K
K0415108_1701	K0415108	2017-01-01	K
K0415108_1702	K0415108	2017-02-01	K
K0425208_1512	K0425208	2015-12-01	K
K0425216_1511	K0425216	2015-11-01	K
N0050505_1610	N0050505	2016-10-01	N
N0131303_1701	N0131303	2017-01-01	N
N0131318_1611	N0131318	2016-11-01	N
N0131323_1610	N0131323	2016-10-01	N
N0141403_1612	N0141403	2016-12-01	N
P0010104_1611	P0010104	2016-11-01	P
P0010121_1611	P0010121	2016-11-01	P
P0010126_1611	P0010126	2016-11-01	P
P0010127_1610	P0010127	2016-10-01	P
P0010137_1610	P0010137	2016-10-01	P
P0020206_1701	P0020206	2017-01-01	P
P0020206_1702	P0020206	2017-02-01	P
P0020206_1703	P0020206	2017-03-01	P
P0020206_1704	P0020206	2017-04-01	P
P0020206_1705	P0020206	2017-05-01	P
P0020213_1612	P0020213	2016-12-01	P
P0020213_1701	P0020213	2017-01-01	P
P0020213_1705	P0020213	2017-05-01	P
P0020215_1701	P0020215	2017-01-01	P
P0030304_1607	P0030304	2016-07-01	P
P0050504_1611	P0050504	2016-11-01	P
P0050514_1611	P0050514	2016-11-01	P
P0050519_1705	P0050519	2017-05-01	P
P0060609_1611	P0060609	2016-11-01	P
P0060616_1611	P0060616	2016-11-01	P
P0060620_1611	P0060620	2016-11-01	P
P0060622_1611	P0060622	2016-11-01	P
P0060623_1612	P0060623	2016-12-01	P
P0060623_1702	P0060623	2017-02-01	P
P0060623_1703	P0060623	2017-03-01	P
P0060623_1704	P0060623	2017-04-01	P
P0060623_1705	P0060623	2017-05-01	P
P0070705_1611	P0070705	2016-11-01	P
P0070707_1610	P0070707	2016-10-01	P
P0070710_1607	P0070710	2016-07-01	P
P0070722_1612	P0070722	2016-12-01	P
P0070722_1701	P0070722	2017-01-01	P
P0070722_1702	P0070722	2017-02-01	P
P0080805_1612	P0080805	2016-12-01	P
P0080805_1705	P0080805	2017-05-01	P
P0080836_1612	P0080836	2016-12-01	P
P0080836_1701	P0080836	2017-01-01	P
P0080840_1611	P0080840	2016-11-01	P
P0080842_1612	P0080842	2016-12-01	P
P0080842_1703	P0080842	2017-03-01	P
P0080842_1704	P0080842	2017-04-01	P
P0080842_1705	P0080842	2017-05-01	P
P0080843_1611	P0080843	2016-11-01	P
P0080854_1611	P0080854	2016-11-01	P
P0080857_1702	P0080857	2017-02-01	P
P0080880_1612	P0080880	2016-12-01	P
P0111104_1611	P0111104	2016-11-01	P
P0111105_1701	P0111105	2017-01-01	P
P0111106_1611	P0111106	2016-11-01	P
P0121204_1701	P0121204	2017-01-01	P
P0121204_1703	P0121204	2017-03-01	P
P0121204_1704	P0121204	2017-04-01	P
P0121204_1705	P0121204	2017-05-01	P
